Inspection,Entropy,Coverage
0.4324324,0.895530444335661,53.06123
0.02702703,0.804615004177616,42.85714
0.02702703,0.787187550713194,38.77551
0.3243243,0.806406322212811,40.81633
0.2972973,0.75519836484308,40.81633
0.02702703,0.696788348942629,34.69388
0.02702703,1,10.20408
