Inspection,Entropy,Coverage
0.5925926,0.815516316508282,42.85714
0.5833333,0.85914319706172,48.97959
0.4537037,0.758045222548459,36.7347
0.1574074,0.838208496232884,46.93877
0.1944444,0.851522133389278,53.06123
0.009259259,0.766435255992106,36.7347
0.009259259,1,12.2449
