Inspection,Entropy,Coverage
1,0.697175566865494,28.57143
0.6756757,0.609419971035535,26.53061
0.7297297,0.781025798348162,38.77551
0.2702703,0.898781849036869,57.14286
0.5135135,0.724978326287194,24.4898
0.2702703,0.745407449623175,34.69388
0.1351351,0.939794001537834,18.36735
