Inspection,Entropy,Coverage
0.6474359,0.729483644373171,36.7347
0.5833333,0.803232597139978,38.77551
0.3846154,0.807939845434282,42.85714
0.1153846,0.845528022517339,48.97959
0.006410256,0.765870933075258,44.89796
0.5128205,0.788428504265853,51.02041
0.006410256,0.713727245975302,12.2449
