Inspection,Entropy,Coverage
0.6018519,0.892322114035443,55.10204
0.4537037,0.801480110432856,40.81633
0.537037,0.741614766382647,40.81633
0.2962963,0.711645492888509,32.65306
0.2037037,0.717225693416895,32.65306
0.009259259,0.67383032702669,24.4898
0.02777778,0.75,6.122449
