Inspection,Entropy,Coverage
0.55,0.830637712247536,46.93877
0.35,0.838811331831662,46.93877
0.14,0.741411292180904,34.69388
0.01,0.785757138111618,40.81633
0.28,0.825033189936222,42.85714
0.24,0.822363579265181,48.97959
0.00990099,0.713727245975301,12.2449
