Inspection,Entropy,Coverage
0.7962963,0.698654772194222,42.85714
0.6481481,0.720713036546262,32.65306
0.1296296,0.7598137401815,34.69388
0.4259259,0.76480188863861,34.69388
0.2962963,0.650724883765229,36.7347
0.01851852,0.665587351533993,36.7347
0.01851852,1,14.28571
