Inspection,Entropy,Coverage
0.5648148,0.81085491138282,46.93877
0.7685185,0.709135115050198,36.7347
0.009259259,0.887334355503141,48.97959
0.1111111,0.810049204170997,46.93877
0.06481481,0.738484583153267,42.85714
0.009259259,0.710120006131102,30.61225
0.009259259,0.833333333333333,12.2449
