Inspection,Entropy,Coverage
0.1813954,0.855527513653125,51.02041
0.3209302,0.853115190753791,53.06123
0.1813954,0.599836129848493,24.4898
0.06511628,0.766875496606491,46.93877
0.02790698,0.652440361780224,36.7347
0.3023256,0.723441067902595,36.7347
0.004651163,0.718546361793022,10.20408
