Inspection,Entropy,Coverage
0.448718,0.820250002552952,46.93877
0.5961539,0.777677798150352,44.89796
0.006410256,0.680897397721898,26.53061
0.01923077,0.753690152730474,36.7347
0.1858974,0.704939524982881,40.81633
0.4102564,0.839434140293499,55.10204
0.006410256,0.833333333333333,12.2449
