Inspection,Entropy,Coverage
0.5595238,0.875866345776051,53.06123
0.3095238,0.899311993081189,61.22449
0.2261905,0.815247134049001,38.77551
0.0952381,0.840959813518796,44.89796
0.1309524,0.816823298402255,44.89796
0.452381,0.797340030170228,42.85714
0.01190476,1,10.20408
