Inspection,Entropy,Coverage
0.547619,0.798697784824329,38.77551
0.4047619,0.820277516191261,42.85714
0.1785714,0.823585078105437,51.02041
0.202381,0.833191212517972,46.93877
0.1666667,0.839812540683049,48.97959
0.3690476,0.830699376976886,44.89796
0.01190476,1,10.20408
