Inspection,Entropy,Coverage
0.2093023,0.795934677867135,48.97959
0.3081395,0.648097973838201,38.77551
0.3488372,0.66607975710458,28.57143
0.1802326,0.736320432299506,34.69388
0.005813953,0.673420296771743,28.57143
0.005813953,0.689730634796616,30.61225
0.005813953,1,10.20408
