Inspection,Entropy,Coverage
0.4864865,0.841096496675199,48.97959
0.9189189,0.760070045086563,42.85714
0.05405406,0.785259223852553,40.81633
0.02702703,0.856384249835209,55.10204
0.02702703,0.643789464737649,24.4898
0.3243243,0.849678571353073,57.14286
0.02702703,0.859793390241224,14.28571
