Inspection,Entropy,Coverage
0.258427,0.758433652005718,42.85714
0.1797753,0.736105308742255,38.77551
0.3483146,0.788160807864563,51.02041
0.03370786,0.791848778962527,40.81633
0.01123596,0.418517322482508,14.28571
0.06741573,0.660919754925304,32.65306
0.06741573,1,12.2449
