Inspection,Entropy,Coverage
0.2093023,0.801647403176273,46.93877
0.2325581,0.735340227203451,40.81633
0.2651163,0.857361244449914,57.14286
0.2,0.794502274732263,42.85714
0.3395349,0.649042382384665,30.61225
0.1767442,0.816703883758065,46.93877
0.1069767,1,8.163265
