Inspection,Entropy,Coverage
0.6851852,0.579308251414963,22.44898
0.6481481,0.771392406350587,42.85714
0.01851852,0.74194325965732,38.77551
0.5740741,0.731368453925576,40.81633
0.01851852,0.581120068955908,30.61225
0.01851852,0.65369386214158,30.61225
0.01851852,0.556575915881679,18.36735
