Inspection,Entropy,Coverage
0.3636364,0.804742391799806,38.77551
0.5454546,0.715751816077832,38.77551
0.2545455,0.856247176826719,46.93877
0.1454545,0.843849151975416,57.14286
0.01818182,0.666387986136522,28.57143
0.2181818,0.776838600281533,40.81633
0.07272727,0.713727245975301,12.2449
