Inspection,Entropy,Coverage
0.5320513,0.767801195156187,42.85714
0.3910256,0.848345857969848,42.85714
0.551282,0.727467132837936,38.77551
0.08333334,0.860303154254107,51.02041
0.1858974,0.781426372657892,40.81633
0.006410256,0.78265105211906,36.7347
0.006410256,1,10.20408
